endpoint,min_input,max_input,cycles,time
server,32,8192,172846787,66657
client,32,8192,310286159,119662
server,32,8192,408742369,157635
client,32,8192,411838411,158828
server,32,8192,429520078,165646
client,32,8192,400112865,154305
server,32,8192,423475795,163319
client,32,8192,402962572,155404
server,32,8192,410417447,158281
client,32,8192,404191654,155879
server,32,8192,396360794,152859
client,32,8192,413181585,159347
server,32,8192,405065495,156216
client,32,8192,401144879,154703
server,32,8192,427743873,164961
client,32,8192,414073577,159690
server,32,8192,426496640,164482
client,32,8192,401614212,154885
server,32,8192,424608936,163753
client,32,8192,398092918,153527
server,32,8192,430834729,166154
client,32,8192,393511087,151759
server,32,8192,399830228,154197
client,32,8192,391794521,151097
server,32,8192,68380003,26373
client,32,8192,22857295,8816
server,32,8192,361425305,139386
client,32,8192,417034783,160831
server,32,8192,373861333,144182
client,32,8192,415499727,160240
server,32,8192,401271936,154742
client,32,8192,403201128,155497
server,32,8192,352627256,135993
client,32,8192,402578808,155257
server,32,8192,231160764,89149
client,32,8192,409815871,158047
server,32,8192,267677983,103231
client,32,8192,420136011,162027
server,32,8192,245575251,94707
client,32,8192,409712151,158008
server,32,8192,219201848,84537
client,32,8192,401209704,154729
server,32,8192,229589406,88542
client,32,8192,411477984,158688
server,32,8192,228933377,88290
client,32,8192,405591874,156418
server,32,8192,216575139,83523
client,32,8192,410378552,158265
server,32,8192,77333632,29825
client,32,8192,400592570,154490
server,32,8192,220526871,85047
client,32,8192,411986212,158884
server,32,8192,226760443,87451
client,32,8192,404422431,155967
server,32,8192,226016252,87164
client,32,8192,403999772,155804
server,32,8192,221481095,85416
client,32,8192,417187770,160890
server,32,8192,281109723,108412
client,32,8192,419381448,161736
server,32,8192,223858876,86334
client,32,8192,418245714,161298
server,32,8192,220052352,84864
client,32,8192,409139098,157787
server,32,8192,415183381,160117
client,32,8192,413873916,159612
server,32,8192,415888677,160390
client,32,8192,398990096,153872
server,32,8192,433974852,167366
client,32,8192,422692709,163013
server,32,8192,414659595,159917
client,32,8192,400112865,154305
server,32,8192,421139502,162416
client,32,8192,404124236,155854
server,32,8192,409025006,157743
client,32,8192,401518271,154847
server,32,8192,416275034,160538
client,32,8192,399288291,153987
server,32,8192,411711354,158780
client,32,8192,402091324,155068
server,32,8192,416446172,160605
client,32,8192,400634058,154508
server,32,8192,414122844,159708
client,32,8192,403953098,155788
server,32,8192,418326097,161330
client,32,8192,402944421,155398
server,32,8192,211770310,81670
client,32,8192,56192903,21672
server,32,8192,424984921,163900
client,32,8192,415821259,160364
server,32,8192,261376993,100802
client,32,8192,426468117,164469
server,32,8192,419518877,161789
client,32,8192,426123248,164336
server,32,8192,418626885,161447
client,32,8192,413160841,159337
server,32,8192,254375893,98100
client,32,8192,408234141,157436
client,32,8192,409743267,158021
server,32,8192,424601157,163750
server,32,8192,414325098,159786
client,32,8192,434218594,167459
server,32,8192,415237834,160138
client,32,8192,405296272,156305
server,32,8192,371709143,143352
client,32,8192,445010660,171620
server,32,8192,420688320,162240
client,32,8192,429686030,165709
server,32,8192,435434711,167927
client,32,8192,398995282,153874
server,32,8192,423104996,163173
client,32,8192,401992790,155032
server,32,8192,409942928,158096
client,32,8192,398414450,153651
server,32,8192,424118859,163565
client,32,8192,402602145,155266
server,32,8192,421126537,162410
client,32,8192,403984214,155798
server,32,8192,421914809,162714
client,32,8192,27325034,10539
server,32,8192,415771992,160345
client,32,8192,394976132,152324
server,32,8192,414478085,159846
client,32,8192,401759420,154940
server,32,8192,229874636,88652
client,32,8192,407064698,156986
server,32,8192,426011749,164295
client,32,8192,406802805,156885
server,32,8192,437410577,168689
client,32,8192,20448398,7887
server,32,8192,400986706,154633
client,32,8192,394750541,152237
server,32,8192,437293892,168644
client,32,8192,402296171,155147
server,32,8192,423639154,163378
client,32,8192,403133710,155470
server,32,8192,419861153,161921
client,32,8192,412637055,159135
server,32,8192,280842644,108308
client,32,8192,404116457,155850
server,32,8192,425791344,164209
client,32,8192,403195942,155494
server,32,8192,260155690,100331
client,32,8192,19535662,7534
server,32,8192,424704877,163790
client,32,8192,409388026,157882
server,32,8192,392227552,150685
client,32,8192,405415550,156350
server,32,8192,360592952,139065
client,32,8192,387067482,149274
server,32,8192,379747443,146451
client,32,8192,392816163,151491
server,32,8192,417058120,160841
client,32,8192,402998874,155419
server,32,8192,59369328,22896
client,32,8192,21252228,8195
server,32,8192,392896546,151527
client,32,8192,410044055,158136
client,32,8192,402910712,155386
server,32,8192,408975739,157724
server,32,8192,413853172,159605
client,32,8192,425340162,164035
server,32,8192,267633902,103215
client,32,8192,418043460,161221
server,32,8192,137211188,52916
client,32,8192,418442782,161374
server,32,8192,220262385,84945
client,32,8192,419513691,161787
server,32,8192,242051364,93350
client,32,8192,421523266,162563
server,32,8192,261418481,100818
client,32,8192,433049151,167007
server,32,8192,224385255,86535
client,32,8192,397914001,153457
server,32,8192,216085062,83336
client,32,8192,401826838,154966
server,32,8192,212771208,82055
client,32,8192,411140894,158558
client,32,8192,4771120,1841
server,32,8192,165047043,63651
server,32,8192,422451560,162920
client,32,8192,399682427,154139
server,32,8192,428599563,165292
client,32,8192,395403977,152489
server,32,8192,417478186,161002
client,32,8192,400307340,154380
server,32,8192,432268658,166707
client,32,8192,408566045,157566
server,32,8192,447486975,172575
client,32,8192,392927662,151535
server,32,8192,418756535,161496
client,32,8192,399674648,154136
server,32,8192,420747959,162264
client,32,8192,398896748,153836
server,32,8192,416635461,160678
client,32,8192,396902731,153068
server,32,8192,425288302,164015
client,32,8192,397530237,153308
server,32,8192,426615918,164527
client,32,8192,397089427,153139
server,32,8192,407059512,156984
client,32,8192,400680732,154524
server,32,8192,422977939,163122
client,32,8192,401964267,155018
server,32,8192,417976042,161194
client,32,8192,393547389,151774
server,32,8192,416160942,160494
client,32,8192,405044751,156207
server,32,8192,417843799,161144
client,32,8192,399908018,154227
server,32,8192,419625190,161830
client,32,8192,398468903,153670
server,32,8192,426958194,164658
client,32,8192,402692900,155301
server,32,8192,428226171,165148
client,32,8192,17845026,6883
server,32,8192,235109903,90671
client,32,8192,405879697,156530
server,32,8192,421824054,162690
client,32,8192,402353217,155169
server,32,8192,425677252,164165
client,32,8192,406374960,156721
server,32,8192,434677555,167637
client,32,8192,409375061,157877
server,32,8192,429040373,165461
client,32,8192,414434004,159829
server,32,8192,28956031,11168
client,32,8192,19714579,7603
server,32,8192,41939182,16174
client,32,8192,22320544,8607
server,32,8192,397898443,153452
client,32,8192,404383536,155953
server,32,8192,403701577,155690
client,32,8192,391457431,150966
client,32,8192,435891079,168102
server,32,8192,358500401,138256
server,32,8192,407816668,157277
client,32,8192,413121946,159325
server,32,8192,426571837,164511
client,32,8192,403896052,155765
client,32,8192,390425417,150571
server,32,8192,436129635,168195
server,32,8192,254764843,98252
client,32,8192,433290300,167102
server,32,8192,277072422,106856
client,32,8192,436676758,168406
server,32,8192,420281219,162085
client,32,8192,416293185,160546
server,32,8192,412727810,159170
client,32,8192,437449472,168705
server,32,8192,384184066,148162
client,32,8192,409520269,157933
server,32,8192,275905572,106406
client,32,8192,421520673,162561
server,32,8192,234962102,90614
client,32,8192,409989602,158115
server,32,8192,288033033,111082
client,32,8192,424826748,163836
server,32,8192,141126618,54426
client,32,8192,413793533,159581
server,32,8192,221626303,85471
client,32,8192,428065405,165085
server,32,8192,218921804,84429
client,32,8192,416627682,160675
server,32,8192,413694999,159543
client,32,8192,185850682,71674
server,32,8192,422708267,163019
client,32,8192,81049401,31257
server,32,8192,424699691,163788
client,32,8192,400919288,154617
server,32,8192,431674861,166478
client,32,8192,403522660,155621
server,32,8192,420989108,162356
client,32,8192,400558861,154478
server,32,8192,419378855,161735
client,32,8192,407834819,157283
server,32,8192,416796227,160742
client,32,8192,400027296,154274
server,32,8192,326103459,125762
client,32,8192,405560758,156406
server,32,8192,400239922,154355
client,32,8192,397636550,153350
server,32,8192,406613516,156813
client,32,8192,419544807,161800
server,32,8192,341539588,131717
client,32,8192,413529047,159479
server,32,8192,207004376,79833
client,32,8192,18607368,7176
server,32,8192,408008550,157351
client,32,8192,145830320,56241
server,32,8192,223169138,86066
client,32,8192,408031887,157359
server,32,8192,66912365,25806
client,32,8192,414306947,159779
client,32,8192,421567347,162578
server,32,8192,412445173,159061
server,32,8192,218856979,84403
client,32,8192,420312335,162095
server,32,8192,217015949,83693
client,32,8192,420356416,162112
server,32,8192,254754471,98247
client,32,8192,420299370,162090
server,32,8192,232625809,89714
client,32,8192,424041069,163533
server,32,8192,407692204,157228
client,32,8192,429644542,165694
server,32,8192,276416393,106602
client,32,8192,413661290,159530
server,32,8192,254993027,98340
client,32,8192,452984135,174695
server,32,8192,412149571,158949
client,32,8192,419651120,161841
server,32,8192,409779569,158033
client,32,8192,258739912,99784
server,32,8192,364430592,140544
client,32,8192,418372771,161347
client,32,8192,369466198,142486
server,32,8192,411944724,158868
client,32,8192,387350119,149383
server,32,8192,380616098,146785
client,32,8192,379023996,146172
server,32,8192,522696940,201581
server,32,8192,415414158,160207
client,32,8192,440172122,169755
server,32,8192,438307755,169035
client,32,8192,19164863,7392
server,32,8192,434073386,167402
client,32,8192,405047344,156208
server,32,8192,412717438,159166
client,32,8192,402589180,155260
server,32,8192,416938842,160795
client,32,8192,162866330,62810
server,32,8192,429644542,165695
client,32,8192,402459530,155210
server,32,8192,429367091,165588
client,32,8192,402908119,155384
server,32,8192,425000479,163903
client,32,8192,406185671,156647
server,32,8192,412287000,159000
client,32,8192,399407569,154033
server,32,8192,418009751,161207
client,32,8192,423193158,163206
server,32,8192,419109183,161633
client,32,8192,401388621,154797
server,32,8192,417457442,160995
client,32,8192,82535190,31830
server,32,8192,434457150,167551
client,32,8192,399965064,154249
server,32,8192,419900048,161936
client,32,8192,398702273,153762
server,32,8192,422111877,162789
client,32,8192,400670360,154521
server,32,8192,423273541,163239
client,32,8192,401207111,154728
server,32,8192,422824952,163064
client,32,8192,401230448,154736
server,32,8192,296154309,114214
client,32,8192,395214688,152416
server,32,8192,427985022,165055
client,32,8192,399161234,153938
server,32,8192,419700387,161852
client,32,8192,62486114,24099
server,32,8192,411571332,158725
client,32,8192,403579706,155642
server,32,8192,427059321,164690
client,32,8192,399495731,154068
server,32,8192,412196245,158966
client,32,8192,413707964,159548
server,32,8192,437771004,168829
client,32,8192,397330576,153234
server,32,8192,429820866,165763
client,32,8192,400379944,154408
server,32,8192,440434015,169857
client,32,8192,28191096,10873
server,32,8192,255794264,98649
client,32,8192,397776572,153405
server,32,8192,442544717,170669
client,32,8192,411688017,158770
server,32,8192,272073118,104926
client,32,8192,390031281,150417
server,32,8192,408581603,157572
client,32,8192,409045750,157750
server,32,8192,420379753,162123
client,32,8192,406660190,156831
server,32,8192,418206819,161283
client,32,8192,393822247,151880
server,32,8192,418842104,161530
client,32,8192,414988906,160042
server,32,8192,414716641,159938
client,32,8192,399342744,154009
server,32,8192,424061813,163541
client,32,8192,407295475,157075
server,32,8192,401663479,154904
client,32,8192,398061802,153515
client,32,8192,409553978,157948
server,32,8192,413977636,159652
server,32,8192,400138795,154320
client,32,8192,449509515,173356
server,32,8192,429870133,165782
client,32,8192,403919389,155774
server,32,8192,435839219,168084
client,32,8192,398681529,153752
server,32,8192,422376363,162891
client,32,8192,339052901,130757
server,32,8192,208300876,80332
client,32,8192,349899420,134941
server,32,8192,174117357,67149
client,32,8192,464769320,179240
server,32,8192,409919591,158087
client,32,8192,431602257,166449
server,32,8192,427313435,164796
client,32,8192,419581109,161814
server,32,8192,427401597,164829
client,32,8192,404648022,156055
client,32,8192,409258376,157832
server,32,8192,407972248,157336
client,32,8192,406190857,156649
server,32,8192,414187669,159733
server,32,8192,224940157,86753
client,32,8192,427297877,164791
server,32,8192,424689319,163782
client,32,8192,412390720,159040
server,32,8192,224914227,86740
client,32,8192,412883390,159230
client,32,8192,4807422,1855
server,32,8192,69705026,26882
server,32,8192,414880000,160000
client,32,8192,414426225,159826
server,32,8192,412009549,158894
client,32,8192,403683426,155683
server,32,8192,424391124,163668
client,32,8192,23432941,9037
server,32,8192,425910622,164255
client,32,8192,398756726,153783
server,32,8192,420055628,161997
client,32,8192,407036175,156975
server,32,8192,420688320,162241
client,32,8192,404004958,155807
server,32,8192,224616032,86625
client,32,8192,363349311,140128
server,32,8192,413083051,159308
client,32,8192,403761216,155712
server,32,8192,392429806,151343
client,32,8192,412307744,159009
server,32,8192,375354901,144757
client,32,8192,426543314,164498
server,32,8192,402298764,155149
client,32,8192,398240719,153583
server,32,8192,372907109,143813
client,32,8192,405236633,156282
server,32,8192,390811774,150719
client,32,8192,407106186,157002
server,32,8192,414055426,159683
client,32,8192,407510694,157159
server,32,8192,318417807,122801
client,32,8192,428801817,165369
server,32,8192,216704789,83573
client,32,8192,413640546,159522
server,32,8192,218434320,84242
client,32,8192,426123248,164336
server,32,8192,381165814,146998
client,32,8192,400911509,154613
server,32,8192,258669901,99759
client,32,8192,405822651,156507
server,32,8192,271907166,104863
client,32,8192,397532830,153311
server,32,8192,415714946,160322
client,32,8192,410684526,158382
server,32,8192,239442806,92344
client,32,8192,400203620,154340
server,32,8192,417335571,160948
client,32,8192,389079650,150049
server,32,8192,402729202,155315
client,32,8192,410806397,158430
server,32,8192,396983114,153100
client,32,8192,417423733,160982
server,32,8192,419710759,161863
client,32,8192,396163726,152782
server,32,8192,406763910,156871
client,32,8192,415372670,160191
server,32,8192,398764505,153786
client,32,8192,415476390,160230
server,32,8192,409279120,157842
client,32,8192,380779457,146850
server,32,8192,404979926,156182
client,32,8192,391607825,151026
server,32,8192,411280916,158613
client,32,8192,368649403,142171
server,32,8192,399978029,154255
client,32,8192,415813480,160360
server,32,8192,280020663,107993
client,32,8192,409644733,157982
server,32,8192,411407973,158661
client,32,8192,399436092,154045
server,32,8192,430720637,166109
client,32,8192,417146282,160875
server,32,8192,423169821,163199
client,32,8192,412725217,159169
server,32,8192,426265863,164391
client,32,8192,405436294,156358
server,32,8192,414988906,160034
client,32,8192,402213195,155115
server,32,8192,413871323,159612
client,32,8192,402781062,155335
server,32,8192,420960585,162345
client,32,8192,412312930,159010
server,32,8192,413430513,159442
client,32,8192,65535482,25274
server,32,8192,414034682,159675
client,32,8192,394755727,152239
server,32,8192,453725733,174981
client,32,8192,401886477,154989
server,32,8192,416998481,160826
client,32,8192,406789840,156880
server,32,8192,383315411,147828
client,32,8192,366849861,141477
server,32,8192,409362096,157873
client,32,8192,400035075,154276
server,32,8192,394097105,151985
client,32,8192,350080930,135009
server,32,8192,419863746,161923
client,32,8192,396869022,153054
server,32,8192,415134114,160099
client,32,8192,419189566,161662
server,32,8192,426483675,164476
client,32,8192,20878836,8053
server,32,8192,421225071,162446
client,32,8192,408420837,157509
server,32,8192,418499828,161397
client,32,8192,401889070,154990
client,32,8192,404523558,156005
server,32,8192,222246030,85709
server,32,8192,7815302,3015
client,32,8192,7950138,3067
server,32,8192,412761519,159185
client,32,8192,397104985,153145
server,32,8192,371553563,143292
client,32,8192,412885983,159231
server,32,8192,238776405,92087
client,32,8192,427347144,164809
server,32,8192,354559041,136737
client,32,8192,416542113,160643
server,32,8192,379008438,146167
client,32,8192,416778076,160733
server,32,8192,328157115,126555
client,32,8192,415606040,160281
server,32,8192,284973293,109903
client,32,8192,413868730,159611
server,32,8192,403387824,155568
client,32,8192,415193753,160122
server,32,8192,213753955,82436
client,32,8192,416275034,160538
server,32,8192,394390114,152098
client,32,8192,380092312,146584
server,32,8192,252291121,97297
client,32,8192,411278323,158611
server,32,8192,83515344,32213
client,32,8192,408101898,157386
server,32,8192,218678062,84334
client,32,8192,419632969,161833
server,32,8192,308865195,119116
client,32,8192,420766110,162271
server,32,8192,417151468,160878
client,32,8192,413928369,159634
server,32,8192,137213781,52918
client,32,8192,411306846,158622
server,32,8192,219803424,84769
client,32,8192,413583500,159501
server,32,8192,302203778,116547
client,32,8192,420864644,162308
server,32,8192,259471138,100067
client,32,8192,410562655,158336
server,32,8192,99903104,38529
client,32,8192,407386230,157110
server,32,8192,395165421,152399
client,32,8192,408947216,157712
server,32,8192,401697188,154916
client,32,8192,411776179,158803
server,32,8192,277020562,106835
client,32,8192,404238328,155897
server,32,8192,365047726,140780
client,32,8192,399384232,154024
server,32,8192,416124640,160481
client,32,8192,416886982,160774
server,32,8192,422459339,162924
client,32,8192,404326490,155930
server,32,8192,418515386,161402
client,32,8192,404578011,156027
server,32,8192,421437697,162529
client,32,8192,408646428,157596
server,32,8192,430852880,166160
client,32,8192,96622959,37264
server,32,8192,221426642,85395
client,32,8192,403673054,155678
server,32,8192,423322808,163257
client,32,8192,402879596,155373
server,32,8192,432924687,166961
client,32,8192,406652411,156827
server,32,8192,416500625,160625
client,32,8192,401290087,154759
server,32,8192,426361804,164428
client,32,8192,394325289,152073
server,32,8192,421017631,162165
client,32,8192,398396299,153643
server,32,8192,420592379,162203
client,32,8192,394021908,151957
server,32,8192,413949113,159642
client,32,8192,401118949,154693
server,32,8192,425194954,163979
client,32,8192,405664478,156446
server,32,8192,417517081,161017
client,32,8192,400870021,154597
server,32,8192,414257680,159762
client,32,8192,401131914,154701
server,32,8192,412294779,159003
client,32,8192,402171707,155100
server,32,8192,226521887,87360
client,32,8192,399083444,153909
server,32,8192,429784564,165751
client,32,8192,401235634,154739
server,32,8192,414179890,159731
client,32,8192,401284901,154758
server,32,8192,223257300,86100
client,32,8192,393256973,151662
server,32,8192,425809495,164213
client,32,8192,399874309,154212
server,32,8192,423831036,163453
client,32,8192,396184470,152791
server,32,8192,420403090,162130
client,32,8192,402420635,155195
server,32,8192,416840308,160758
client,32,8192,397574318,153326
server,32,8192,413337165,159405
client,32,8192,399446464,154048
server,32,8192,236328613,91141
client,32,8192,409631768,157976
server,32,8192,418945824,161568
client,32,8192,394947609,152313
server,32,8192,429709367,165719
client,32,8192,18197674,7018
server,32,8192,427321214,164799
client,32,8192,393223264,151648
server,32,8192,370671943,142950
client,32,8192,416282813,160541
server,32,8192,380758713,146807
client,32,8192,419210310,161671
server,32,8192,412043258,158907
client,32,8192,407959283,157331
server,32,8192,420913911,162331
client,32,8192,400431804,154429
server,32,8192,413972450,159651
client,32,8192,412647427,159148
server,32,8192,413863544,159608
client,32,8192,397346134,153247
server,32,8192,415100405,160085
client,32,8192,417192956,160892
server,32,8192,412053630,158913
client,32,8192,422552687,162960
server,32,8192,410780467,158419
client,32,8192,422308945,162865
server,32,8192,419726317,161869
client,32,8192,407959283,157331
server,32,8192,384370762,148235
client,32,8192,405983417,156570
server,32,8192,405918592,156544
client,32,8192,401056717,154670
server,32,8192,414379551,159807
client,32,8192,395204316,152412
server,32,8192,407980027,157340
client,32,8192,415022615,160056
server,32,8192,415961281,160410
client,32,8192,405441480,156360
server,32,8192,398004756,153493
client,32,8192,409717337,158009
server,32,8192,403081850,155452
client,32,8192,413988008,159656
server,32,8192,398240719,153583
client,32,8192,419511098,161786
server,32,8192,393962269,151934
client,32,8192,426893369,164633
server,32,8192,415193753,160122
client,32,8192,412429615,159055
server,32,8192,413720929,159554
client,32,8192,127578193,49200
server,32,8192,409935149,158095
client,32,8192,427819070,164991
client,32,8192,382091515,147355
server,32,8192,426392920,164440
server,32,8192,224548614,86599
client,32,8192,421632172,162605
server,32,8192,406901339,156923
client,32,8192,423584701,163357
server,32,8192,414778873,159961
client,32,8192,415943130,160409
server,32,8192,228897075,88276
client,32,8192,407189162,157035
server,32,8192,259312965,100006
client,32,8192,413837614,159598
server,32,8192,224452673,86561
client,32,8192,415976839,160424
server,32,8192,75041420,28942
client,32,8192,420786854,162279
server,32,8192,92214859,35563
client,32,8192,410259274,158218
server,32,8192,219253708,84557
client,32,8192,414812582,159975
server,32,8192,327757793,126405
client,32,8192,414135809,159714
server,32,8192,320577776,123633
client,32,8192,417340757,160950
server,32,8192,298140547,114981
client,32,8192,425000479,163903
server,32,8192,315103953,121523
client,32,8192,435538431,167967
server,32,8192,410430412,158285
client,32,8192,426348839,164423
server,32,8192,260251631,100368
client,32,8192,410321506,158243
server,32,8192,212524873,81963
client,32,8192,417527453,161022
server,32,8192,243332306,93843
client,32,8192,423550992,163344
server,32,8192,287348481,110819
client,32,8192,416399498,160587
server,32,8192,409665477,157990
client,32,8192,421458441,162537
server,32,8192,266324437,102709
client,32,8192,419690015,161855
server,32,8192,272013479,104903
client,32,8192,422329689,162873
server,32,8192,261975976,101034
client,32,8192,418785058,161507
server,32,8192,127829714,49299
client,32,8192,420244917,162069
server,32,8192,268590719,103583
client,32,8192,413547198,159486
server,32,8192,263547334,101638
client,32,8192,414029496,159672
client,32,8192,418339062,161335
server,32,8192,394742762,152237
server,32,8192,286588732,110525
client,32,8192,379192541,146237
server,32,8192,328006721,126498
client,32,8192,365587070,140992
server,32,8192,407964469,157333
client,32,8192,389761609,150313
server,32,8192,396884580,153061
client,32,8192,401059310,154671
server,32,8192,376358392,145144
client,32,8192,414478085,159847
server,32,8192,364736566,140661
client,32,8192,424958991,163886
server,32,8192,336654376,129832
client,32,8192,424494844,163709
server,32,8192,394177488,152016
client,32,8192,409364689,157873
server,32,8192,365644116,141012
client,32,8192,390010537,150409
server,32,8192,370630455,142937
client,32,8192,408239327,157439
server,32,8192,247719662,95535
client,32,8192,413163434,159339
server,32,8192,188728912,72786
client,32,8192,404015330,155810
server,32,8192,342926843,132252
client,32,8192,411711354,158779
server,32,8192,274176041,105740
client,32,8192,409525455,157936
server,32,8192,348947789,134572
client,32,8192,410923082,158474
server,32,8192,407344742,157094
client,32,8192,411700982,158774
server,32,8192,340473865,131305
client,32,8192,420322707,162099
server,32,8192,393295868,151677
client,32,8192,403758623,155712
server,32,8192,363196324,140068
client,32,8192,413422734,159438
server,32,8192,259346674,100020
client,32,8192,419339960,161720
server,32,8192,416671763,160691
client,32,8192,391364083,150931
server,32,8192,417576720,161041
client,32,8192,411620599,158743
server,32,8192,404829532,156125
client,32,8192,397820653,153421
server,32,8192,258076104,99529
client,32,8192,412704473,159162
server,32,8192,397965861,153478
client,32,8192,418294981,161317
server,32,8192,367715923,141811
client,32,8192,399298663,153991
server,32,8192,412722624,159169
client,32,8192,400123237,154310
server,32,8192,282922230,109111
client,32,8192,409162435,157795
server,32,8192,409032785,157745
client,32,8192,397486156,153292
server,32,8192,390192047,150480
client,32,8192,388675142,149894
server,32,8192,374901126,144583
client,32,8192,399578707,154100
server,32,8192,403820855,155735
client,32,8192,355176175,136975
server,32,8192,295347886,113903
client,32,8192,423405784,163288
server,32,8192,339823022,131055
client,32,8192,395831822,152654
server,32,8192,364741752,140663
client,32,8192,417607836,161053
server,32,8192,271673796,104773
client,32,8192,420615716,162213
server,32,8192,373687602,144115
client,32,8192,408869426,157682
server,32,8192,205290403,79172
client,32,8192,410837513,158441
server,32,8192,356765684,137588
client,32,8192,415994990,160431
server,32,8192,225808812,87084
client,32,8192,402150963,155091
server,32,8192,352549466,135964
client,32,8192,405508898,156387
server,32,8192,285572276,110133
client,32,8192,417654510,161070
server,32,8192,393923374,151920
client,32,8192,385726901,148759
server,32,8192,341607006,131743
client,32,8192,391667464,151049
server,32,8192,417400396,160973
client,32,8192,396871615,153055
server,32,8192,258255021,99600
client,32,8192,412678543,159151
server,32,8192,282616256,108992
client,32,8192,297007406,114542
server,32,8192,410303355,158235
client,32,8192,324083512,124983
server,32,8192,399264954,153978
client,32,8192,417177398,160886
server,32,8192,385615402,148714
client,32,8192,399417941,154037
server,32,8192,413765010,159570
client,32,8192,406201229,156654
server,32,8192,404432803,155972
client,32,8192,398525949,153693
server,32,8192,232000896,89473
client,32,8192,415694202,160314
server,32,8192,238558593,92001
client,32,8192,405804500,156500
server,32,8192,359330161,138577
client,32,8192,392681327,151440
server,32,8192,427497538,164867
client,32,8192,407336963,157091
server,32,8192,426867439,164624
client,32,8192,406250496,156673
server,32,8192,394356405,152086
client,32,8192,419070288,161616
server,32,8192,410959384,158490
client,32,8192,401251192,154744
server,32,8192,403784553,155722
client,32,8192,416451358,160606
server,32,8192,410679340,158381
client,32,8192,418362399,161344
server,32,8192,398230347,153580
client,32,8192,410855664,158449
server,32,8192,403714542,155694
client,32,8192,372909702,143815
server,32,8192,408851275,157675
client,32,8192,416995888,160817
server,32,8192,408809787,157660
client,32,8192,401375656,154792
server,32,8192,404567639,156024
client,32,8192,410038869,158134
server,32,8192,395611417,152570
client,32,8192,409727709,158014
server,32,8192,409128726,157783
client,32,8192,400063598,154286
server,32,8192,411306846,158622
client,32,8192,408677544,157608
server,32,8192,400006552,154265
client,32,8192,409974044,158109
server,32,8192,419741875,161874
client,32,8192,414737385,159944
server,32,8192,401795722,154954
client,32,8192,416832529,160754
server,32,8192,410907524,158469
client,32,8192,403260767,155519
server,32,8192,415165230,160111
client,32,8192,417983821,161197
server,32,8192,389644924,150269
client,32,8192,413853172,159604
server,32,8192,415935351,160408
client,32,8192,408804601,157657
server,32,8192,415494541,160237
client,32,8192,419008056,161592
server,32,8192,408298966,157463
client,32,8192,412935250,159250
server,32,8192,401290087,154759
client,32,8192,418976940,161582
server,32,8192,221818185,85546
client,32,8192,419822258,161906
server,32,8192,392152355,151236
client,32,8192,426851881,164617
server,32,8192,407012838,156967
client,32,8192,389722714,150298
server,32,8192,406502017,156768
client,32,8192,397156845,153165
server,32,8192,414086542,159695
client,32,8192,413661290,159530
server,32,8192,406380146,156723
client,32,8192,403470800,155602
server,32,8192,373161223,143912
client,32,8192,387412351,149407
server,32,8192,402223567,155121
client,32,8192,414644037,159909
server,32,8192,397867327,153439
client,32,8192,404233142,155894
server,32,8192,393474785,151745
client,32,8192,433181394,167059
server,32,8192,403240023,155511
client,32,8192,409170214,157798
client,32,8192,155971543,60150
server,32,8192,267758366,103261
server,32,8192,142114551,54809
client,32,8192,8800642,3395
client,32,8192,380473483,146731
server,32,8192,408449360,157520
client,32,8192,493950942,190494
server,32,8192,271354857,104650
server,32,8192,412263663,158992
client,32,8192,355451033,137082
server,32,8192,399023805,153885
client,32,8192,412460731,159067
server,32,8192,384964559,148465
client,32,8192,416804006,160742
server,32,8192,400325491,154387
client,32,8192,396241516,152812
server,32,8192,407196941,157038
client,32,8192,410713049,158393
server,32,8192,414960383,160032
client,32,8192,423657305,163385
server,32,8192,393334763,151692
client,32,8192,416010548,160437
server,32,8192,372907109,143815
client,32,8192,413990601,159659
server,32,8192,391996775,151175
client,32,8192,415074475,160075
server,32,8192,385177185,148544
client,32,8192,417195549,160893
server,32,8192,401684223,154912
client,32,8192,408037073,157362
server,32,8192,404225363,155891
client,32,8192,419928571,161947
server,32,8192,375590864,144850
client,32,8192,413280119,159383
server,32,8192,414319912,159785
client,32,8192,419640748,161838
server,32,8192,389165219,150084
client,32,8192,408630870,157590
server,32,8192,403496730,155609
client,32,8192,424188870,163590
server,32,8192,400387723,154411
client,32,8192,415198939,160123
server,32,8192,397872513,153440
client,32,8192,412940436,159252
server,32,8192,414143588,159716
client,32,8192,412717438,159166
server,32,8192,399114560,153921
client,32,8192,410062206,158143
server,32,8192,410051834,158139
client,32,8192,415880898,160386
server,32,8192,402280613,155142
client,32,8192,416905133,160783
server,32,8192,414659595,159915
client,32,8192,409515083,157932
server,32,8192,376018709,145013
client,32,8192,418554281,161418
server,32,8192,429595275,165676
client,32,8192,413744266,159563
server,32,8192,400984113,154642
client,32,8192,413147876,159332
server,32,8192,418829139,161523
client,32,8192,409447665,157906
server,32,8192,367132498,141587
client,32,8192,417677847,161079
server,32,8192,410124438,158167
client,32,8192,405016228,156197
server,32,8192,414975941,160038
client,32,8192,414872221,159998
server,32,8192,369878485,142646
client,32,8192,406328286,156702
server,32,8192,411890271,158848
client,32,8192,416243918,160526
server,32,8192,405685222,156584
client,32,8192,419907827,161941
server,32,8192,391320002,150914
client,32,8192,418323504,161328
server,32,8192,406535726,156782
client,32,8192,403673054,155679
server,32,8192,401821652,154965
client,32,8192,408402686,157502