endpoint,min_input,max_input,time
client,32,8192,159820
server,32,8192,159663
server,32,8192,153981
client,32,8192,154087
client,32,8192,158045
server,32,8192,153920
server,32,8192,151062
client,32,8192,151239
server,32,8192,153113
client,32,8192,157455
server,32,8192,154515
client,32,8192,158737
server,32,8192,152341
client,32,8192,152494
server,32,8192,162770
client,32,8192,167480
server,32,8192,159555
client,32,8192,164339
server,32,8192,153652
client,32,8192,158460
server,32,8192,152000
client,32,8192,156711
client,32,8192,160283
server,32,8192,155544
server,32,8192,155939
client,32,8192,156044
server,32,8192,157023
client,32,8192,162043
client,32,8192,161147
server,32,8192,156344
server,32,8192,155178
client,32,8192,155327
server,32,8192,155103
client,32,8192,155227
client,32,8192,157941
server,32,8192,152956
client,32,8192,151937
server,32,8192,151751
client,32,8192,160035
server,32,8192,159883
client,32,8192,152828
server,32,8192,152714
server,32,8192,151582
client,32,8192,151691
client,32,8192,159070
server,32,8192,154458
server,32,8192,153063
client,32,8192,153210
server,32,8192,151206
client,32,8192,155798
client,32,8192,159238
server,32,8192,154714
server,32,8192,153598
client,32,8192,153759
server,32,8192,152715
client,32,8192,152911
client,32,8192,157188
server,32,8192,152573
server,32,8192,153078
client,32,8192,153241
server,32,8192,152753
client,32,8192,152911
server,32,8192,154017
client,32,8192,158533
server,32,8192,158948
client,32,8192,163646
server,32,8192,153919
client,32,8192,158608
client,32,8192,157396
server,32,8192,152692
server,32,8192,153067
client,32,8192,153198
server,32,8192,152529
client,32,8192,157196
server,32,8192,153679
client,32,8192,158201
client,32,8192,156933
server,32,8192,152364
server,32,8192,153519
client,32,8192,153665
client,32,8192,158143
server,32,8192,153536
server,32,8192,158185
client,32,8192,158321
server,32,8192,153618
client,32,8192,158382
server,32,8192,152513
client,32,8192,152651
client,32,8192,169737
server,32,8192,165094
client,32,8192,153312
server,32,8192,153198
client,32,8192,153679
server,32,8192,153548
client,32,8192,152889
server,32,8192,152741
server,32,8192,153909
client,32,8192,154036
server,32,8192,152467
client,32,8192,157240
server,32,8192,153193
client,32,8192,157951
server,32,8192,152485
client,32,8192,157172
client,32,8192,160989
server,32,8192,153464
server,32,8192,151986
client,32,8192,152128
server,32,8192,152717
client,32,8192,157653
server,32,8192,155447
client,32,8192,160151
server,32,8192,155128
client,32,8192,159909
server,32,8192,160398
client,32,8192,168281
client,32,8192,158861
server,32,8192,153901
server,32,8192,152697
client,32,8192,152841
client,32,8192,158180
server,32,8192,153229
server,32,8192,153824
client,32,8192,153957
client,32,8192,157701
server,32,8192,152824
client,32,8192,151446
server,32,8192,151326
server,32,8192,154102
client,32,8192,154335
server,32,8192,153301
client,32,8192,158261
client,32,8192,157762
server,32,8192,152903
server,32,8192,153233
client,32,8192,153361
client,32,8192,157630
server,32,8192,152536
server,32,8192,164318
client,32,8192,164474
server,32,8192,153280
client,32,8192,158597
server,32,8192,153940
client,32,8192,159191
server,32,8192,153860
client,32,8192,158733
client,32,8192,158766
server,32,8192,153683
server,32,8192,153713
client,32,8192,153848
client,32,8192,154206
server,32,8192,154069
server,32,8192,151330
client,32,8192,151496
server,32,8192,153862
client,32,8192,158819
server,32,8192,154046
client,32,8192,159034
server,32,8192,153328
client,32,8192,158360
server,32,8192,153329
client,32,8192,158253
server,32,8192,159503
client,32,8192,164224
client,32,8192,158788
server,32,8192,153726
server,32,8192,152776
client,32,8192,152917
client,32,8192,156610
server,32,8192,151353
client,32,8192,151868
server,32,8192,151745
server,32,8192,152246
client,32,8192,152382
client,32,8192,158233
server,32,8192,153091
server,32,8192,155465
client,32,8192,155634
client,32,8192,158601
server,32,8192,153295
client,32,8192,154168
server,32,8192,154029
server,32,8192,152368
client,32,8192,152491
client,32,8192,157656
server,32,8192,152559
server,32,8192,152928
client,32,8192,153086
server,32,8192,160297
client,32,8192,165438
server,32,8192,152825
client,32,8192,158242
client,32,8192,158304
server,32,8192,153271
server,32,8192,153422
client,32,8192,153545
server,32,8192,153414
client,32,8192,158529
server,32,8192,153176
client,32,8192,158169
server,32,8192,151476
client,32,8192,156582
server,32,8192,153266
client,32,8192,158632
client,32,8192,158524
server,32,8192,153335
server,32,8192,152743
client,32,8192,152899
server,32,8192,153639
client,32,8192,158842
server,32,8192,152834
client,32,8192,158104
server,32,8192,160579
client,32,8192,165892
client,32,8192,170286
server,32,8192,165056
client,32,8192,151773
server,32,8192,151655
server,32,8192,152275
client,32,8192,152411
client,32,8192,158390
server,32,8192,153301
client,32,8192,153540
server,32,8192,153395
client,32,8192,152795
server,32,8192,152669
server,32,8192,152621
client,32,8192,152760
client,32,8192,158882
server,32,8192,153719
server,32,8192,153918
client,32,8192,154097
server,32,8192,153478
client,32,8192,158676
server,32,8192,152838
client,32,8192,158218
server,32,8192,153898
client,32,8192,159073
server,32,8192,160317
client,32,8192,160475
server,32,8192,153275
client,32,8192,158492
server,32,8192,153523
client,32,8192,158874
server,32,8192,152850
client,32,8192,158046
client,32,8192,158920
server,32,8192,153781
client,32,8192,154647
server,32,8192,154508
client,32,8192,153065
server,32,8192,152917
server,32,8192,152206
client,32,8192,152352
client,32,8192,157947
server,32,8192,152759
client,32,8192,152152
server,32,8192,152006
server,32,8192,152904
client,32,8192,153061
client,32,8192,156949
server,32,8192,151836
server,32,8192,160876
client,32,8192,161008
server,32,8192,154746
client,32,8192,160521
client,32,8192,158475
server,32,8192,153056
client,32,8192,152862
server,32,8192,152703
server,32,8192,153232
client,32,8192,153361
client,32,8192,157587
server,32,8192,152410
server,32,8192,151257
client,32,8192,151415
server,32,8192,151554
client,32,8192,156877
server,32,8192,153221
client,32,8192,153373
client,32,8192,158109
server,32,8192,152715
server,32,8192,153800
client,32,8192,153941
client,32,8192,151392
server,32,8192,151252
server,32,8192,152733
client,32,8192,152898
server,32,8192,158746
client,32,8192,163930
server,32,8192,152782
client,32,8192,158077
server,32,8192,153034
client,32,8192,158270
server,32,8192,153515
client,32,8192,153647
client,32,8192,157794
server,32,8192,152367
client,32,8192,152785
server,32,8192,152642
client,32,8192,153334
server,32,8192,153191
client,32,8192,152587
server,32,8192,152459
server,32,8192,152847
client,32,8192,153007
server,32,8192,153128
client,32,8192,158440
server,32,8192,153237
client,32,8192,158597
server,32,8192,153798
client,32,8192,159073
server,32,8192,159352
client,32,8192,164866
server,32,8192,154303
client,32,8192,159738
server,32,8192,153442
client,32,8192,158807
server,32,8192,151998
client,32,8192,157429
server,32,8192,153916
client,32,8192,159200
client,32,8192,165282
server,32,8192,159521
server,32,8192,152406
client,32,8192,152551
client,32,8192,153031
server,32,8192,152889
server,32,8192,153592
client,32,8192,153767
client,32,8192,158265
server,32,8192,152713
server,32,8192,152739
client,32,8192,152918
client,32,8192,158410
server,32,8192,153173
server,32,8192,152834
client,32,8192,152985
client,32,8192,171737
server,32,8192,165467
client,32,8192,153467
server,32,8192,153343
server,32,8192,153171
client,32,8192,153327
client,32,8192,160674
server,32,8192,155315
client,32,8192,152217
server,32,8192,152074
server,32,8192,153738
client,32,8192,153907
server,32,8192,153427
client,32,8192,159011
server,32,8192,153455
client,32,8192,159097
server,32,8192,153229
client,32,8192,158686
client,32,8192,158741
server,32,8192,153417
client,32,8192,153019
server,32,8192,152900
server,32,8192,152121
client,32,8192,152240
server,32,8192,158076
client,32,8192,163542
client,32,8192,158853
server,32,8192,153041
server,32,8192,157315
client,32,8192,157442
server,32,8192,152730
client,32,8192,158397
server,32,8192,153265
client,32,8192,158639
server,32,8192,152970
client,32,8192,158431
server,32,8192,153417
client,32,8192,158852
server,32,8192,154742
client,32,8192,160125
server,32,8192,153513
client,32,8192,159140
server,32,8192,154999
client,32,8192,160599
server,32,8192,152751
client,32,8192,158384
server,32,8192,152836
client,32,8192,158295
server,32,8192,155687
client,32,8192,161147
server,32,8192,162679
client,32,8192,168511
server,32,8192,152951
client,32,8192,158648
server,32,8192,152802
client,32,8192,158099
server,32,8192,154296
client,32,8192,159890
server,32,8192,152499
client,32,8192,157935
server,32,8192,151301
client,32,8192,156771
server,32,8192,154028
client,32,8192,159439
server,32,8192,153711
client,32,8192,159164
server,32,8192,152746
client,32,8192,158218
server,32,8192,153560
client,32,8192,159015
server,32,8192,153495
client,32,8192,159045
server,32,8192,152504
client,32,8192,158216
server,32,8192,158364
client,32,8192,163962
server,32,8192,155725
client,32,8192,161505
server,32,8192,152486
client,32,8192,158256
server,32,8192,153081
client,32,8192,158999
server,32,8192,153440
client,32,8192,158859
server,32,8192,152788
client,32,8192,158436
server,32,8192,153422
client,32,8192,158932
server,32,8192,153814
client,32,8192,159294
client,32,8192,160455
server,32,8192,154950
client,32,8192,152447
server,32,8192,152310
server,32,8192,152973
client,32,8192,153159
server,32,8192,152872
client,32,8192,157820
server,32,8192,159714
client,32,8192,165267
server,32,8192,156101
client,32,8192,161650
client,32,8192,160090
server,32,8192,154364
server,32,8192,153802
client,32,8192,153945
server,32,8192,152969
client,32,8192,158520
client,32,8192,159170
server,32,8192,153578
client,32,8192,153261
server,32,8192,153113
server,32,8192,153745
client,32,8192,153872
server,32,8192,154413
client,32,8192,160054
server,32,8192,153118
client,32,8192,158885
server,32,8192,153247
client,32,8192,158837
server,32,8192,153516
client,32,8192,159063
server,32,8192,153226
client,32,8192,158952
server,32,8192,160990
client,32,8192,166565
server,32,8192,154194
client,32,8192,159995
client,32,8192,160162
server,32,8192,154375
client,32,8192,153521
server,32,8192,153358
server,32,8192,151378
client,32,8192,151585
server,32,8192,153638
client,32,8192,159363
server,32,8192,153317
client,32,8192,159071
server,32,8192,151601
client,32,8192,157299
server,32,8192,155138
client,32,8192,160736
server,32,8192,152070
client,32,8192,157967
server,32,8192,154169
client,32,8192,159854
server,32,8192,153518
client,32,8192,159348
server,32,8192,161585
client,32,8192,167334
server,32,8192,153752
client,32,8192,161799
server,32,8192,152591
client,32,8192,158475
server,32,8192,153851
client,32,8192,159744
server,32,8192,406073
client,32,8192,411818
server,32,8192,154378
client,32,8192,160284
server,32,8192,153048
client,32,8192,158777
server,32,8192,153123
client,32,8192,158956
server,32,8192,153995
client,32,8192,159902
server,32,8192,152854
client,32,8192,158589
server,32,8192,404178
client,32,8192,409816
server,32,8192,153660
client,32,8192,159511
server,32,8192,153090
client,32,8192,158790
server,32,8192,153508
client,32,8192,159234
server,32,8192,153917
client,32,8192,159842
server,32,8192,152921
client,32,8192,158849
server,32,8192,151586
client,32,8192,157500
server,32,8192,154390
client,32,8192,160478
server,32,8192,152783
client,32,8192,158533
server,32,8192,154398
client,32,8192,160121
server,32,8192,151971
client,32,8192,157688
server,32,8192,152766
client,32,8192,158499
server,32,8192,160993
client,32,8192,166699
server,32,8192,153652
client,32,8192,159446
server,32,8192,153525
client,32,8192,159369
server,32,8192,153969
client,32,8192,159947
server,32,8192,153218
client,32,8192,159193
server,32,8192,152955
client,32,8192,158777
server,32,8192,151035
client,32,8192,156727
server,32,8192,152992
client,32,8192,160057
server,32,8192,153402
client,32,8192,159110
client,32,8192,158280
server,32,8192,152568
server,32,8192,151872
client,32,8192,152014
server,32,8192,153242
client,32,8192,159135
client,32,8192,161249
server,32,8192,155447
server,32,8192,155698
client,32,8192,155813
server,32,8192,154265
client,32,8192,160306
server,32,8192,152695
client,32,8192,158410
server,32,8192,154688
client,32,8192,160567
server,32,8192,152937
client,32,8192,159030
server,32,8192,153850
client,32,8192,159748
server,32,8192,155599
client,32,8192,161405
server,32,8192,413331
client,32,8192,419307
client,32,8192,158537
server,32,8192,152755
server,32,8192,153188
client,32,8192,153328
server,32,8192,157808
client,32,8192,163830
server,32,8192,163258
client,32,8192,169120
server,32,8192,152630
client,32,8192,158624
server,32,8192,153309
client,32,8192,159150
server,32,8192,153095
client,32,8192,158744
client,32,8192,157715
server,32,8192,151776
server,32,8192,154288
client,32,8192,154415
server,32,8192,153589
client,32,8192,159778
server,32,8192,152731
client,32,8192,158991
client,32,8192,159527
server,32,8192,153705
client,32,8192,152381
server,32,8192,152254
server,32,8192,152586
client,32,8192,152726
server,32,8192,153144
client,32,8192,159047
server,32,8192,161878
client,32,8192,167775
server,32,8192,153401
client,32,8192,159537
server,32,8192,151915
client,32,8192,157913
server,32,8192,153906
client,32,8192,159768
server,32,8192,153472
client,32,8192,159311
server,32,8192,152596
client,32,8192,158466
server,32,8192,153661
client,32,8192,159547
server,32,8192,153520
client,32,8192,159422
server,32,8192,153024
client,32,8192,158897
server,32,8192,152516
client,32,8192,158421
server,32,8192,153377
client,32,8192,159511
server,32,8192,152899
client,32,8192,158742
server,32,8192,160248
client,32,8192,166120
server,32,8192,157229
client,32,8192,163378
server,32,8192,152715
client,32,8192,158572
server,32,8192,153762
client,32,8192,159585
server,32,8192,154827
client,32,8192,160685
server,32,8192,153405
client,32,8192,159268
server,32,8192,151423
client,32,8192,157228
server,32,8192,153719
client,32,8192,159551
server,32,8192,406305
client,32,8192,412356
server,32,8192,153371
client,32,8192,159517
server,32,8192,153015
client,32,8192,158909
server,32,8192,158665
client,32,8192,164463
server,32,8192,154466
client,32,8192,160644
server,32,8192,152959
client,32,8192,159092
server,32,8192,153743
client,32,8192,159769
server,32,8192,153077
client,32,8192,159049
server,32,8192,152181
client,32,8192,158145
server,32,8192,153198
client,32,8192,159213
server,32,8192,153215
client,32,8192,159213
server,32,8192,152021
client,32,8192,158266
server,32,8192,153137
client,32,8192,159080
server,32,8192,153206
client,32,8192,159224
server,32,8192,153263
client,32,8192,159190
server,32,8192,153873
client,32,8192,159714
server,32,8192,166037
client,32,8192,173262
server,32,8192,155215
client,32,8192,161334
server,32,8192,154211
client,32,8192,160160
server,32,8192,153715
client,32,8192,159719
server,32,8192,152762
client,32,8192,158793
client,32,8192,159974
server,32,8192,154033
server,32,8192,153198
client,32,8192,153389
server,32,8192,153330
client,32,8192,159375
server,32,8192,153478
client,32,8192,159493
server,32,8192,153522
client,32,8192,159589
server,32,8192,153192
client,32,8192,159445
server,32,8192,152907
client,32,8192,159156
server,32,8192,159277
client,32,8192,165526
server,32,8192,153587
client,32,8192,159635
server,32,8192,152824
client,32,8192,158806
server,32,8192,153412
client,32,8192,159092
server,32,8192,153062
client,32,8192,158938
client,32,8192,158498
server,32,8192,152674
server,32,8192,152641
client,32,8192,152761
server,32,8192,153872
client,32,8192,159757
server,32,8192,153309
client,32,8192,159305
server,32,8192,151614
client,32,8192,157540
client,32,8192,159646
server,32,8192,153787
server,32,8192,152662
client,32,8192,152837
server,32,8192,154749
client,32,8192,160598
server,32,8192,160885
client,32,8192,167403
server,32,8192,152947
client,32,8192,158844
server,32,8192,153033
client,32,8192,159036
server,32,8192,153463
client,32,8192,159431
server,32,8192,153493
client,32,8192,159371
server,32,8192,153121
client,32,8192,159211
server,32,8192,153408
client,32,8192,159208
server,32,8192,153839
client,32,8192,159560
client,32,8192,158995
server,32,8192,153137
server,32,8192,152697
client,32,8192,152838
server,32,8192,153678
client,32,8192,159398
server,32,8192,154644
client,32,8192,160498
server,32,8192,160433
client,32,8192,166212
server,32,8192,153814
client,32,8192,159648
server,32,8192,152994
client,32,8192,158864
server,32,8192,153433
client,32,8192,159188
server,32,8192,153359
client,32,8192,158882
server,32,8192,152621
client,32,8192,158344
server,32,8192,152735
client,32,8192,158497
server,32,8192,153256
client,32,8192,159142
server,32,8192,153248
client,32,8192,159101
server,32,8192,151834
client,32,8192,157637
server,32,8192,152863
client,32,8192,158625
server,32,8192,153719
client,32,8192,159715
server,32,8192,156636
client,32,8192,162329
server,32,8192,155089
client,32,8192,161021
server,32,8192,153543
client,32,8192,159397
server,32,8192,152832
client,32,8192,158800
server,32,8192,153454
client,32,8192,159663
server,32,8192,153675
client,32,8192,159582
server,32,8192,153683
client,32,8192,159764
server,32,8192,153592
client,32,8192,159306
server,32,8192,153575
client,32,8192,159857
server,32,8192,152121
client,32,8192,158403
server,32,8192,153451
client,32,8192,159642
server,32,8192,152466
client,32,8192,158641
server,32,8192,153237
client,32,8192,159434
server,32,8192,159798
client,32,8192,165940
server,32,8192,153812
client,32,8192,160105
server,32,8192,154498
client,32,8192,160841
server,32,8192,151488
client,32,8192,157873
server,32,8192,152225
client,32,8192,158421
server,32,8192,153798
client,32,8192,159978
server,32,8192,152459
client,32,8192,158827
server,32,8192,152849
client,32,8192,158762
server,32,8192,153592
client,32,8192,159570
server,32,8192,153190
client,32,8192,159065
server,32,8192,151564
client,32,8192,157465
server,32,8192,151140
client,32,8192,156974
server,32,8192,159518
client,32,8192,165293
server,32,8192,154818
client,32,8192,160733
server,32,8192,153082
client,32,8192,158913
server,32,8192,153670
client,32,8192,159533
server,32,8192,153408
client,32,8192,159397
server,32,8192,153254
client,32,8192,158946
server,32,8192,152884
client,32,8192,158732
server,32,8192,153554
client,32,8192,159376
server,32,8192,154241
client,32,8192,160310
server,32,8192,153828
client,32,8192,159674
server,32,8192,153604
client,32,8192,159449
server,32,8192,152330
client,32,8192,158224
server,32,8192,153615
client,32,8192,159515
server,32,8192,160493
client,32,8192,166332
server,32,8192,153829
client,32,8192,159774
server,32,8192,153247
client,32,8192,159034
server,32,8192,153217
client,32,8192,159142
server,32,8192,155557
client,32,8192,173225
server,32,8192,153454
client,32,8192,171004
server,32,8192,152636
client,32,8192,158746
server,32,8192,154751
client,32,8192,160904
server,32,8192,152404
client,32,8192,158551
server,32,8192,154015
client,32,8192,160268
server,32,8192,153643
client,32,8192,159857
server,32,8192,152554
client,32,8192,158758
server,32,8192,158362
client,32,8192,164577
server,32,8192,154267
client,32,8192,160557
server,32,8192,153297
client,32,8192,159737
server,32,8192,153575
client,32,8192,159827
server,32,8192,152935
client,32,8192,159313
server,32,8192,153210
client,32,8192,158696
server,32,8192,154076
client,32,8192,159730
server,32,8192,152278
client,32,8192,157876
server,32,8192,153295
client,32,8192,159201
server,32,8192,153198
client,32,8192,158724
server,32,8192,152537
client,32,8192,158155
server,32,8192,153132
client,32,8192,158660
server,32,8192,156014
client,32,8192,161979
server,32,8192,158489
client,32,8192,164840
server,32,8192,152818
client,32,8192,172178
server,32,8192,153222
client,32,8192,172175
server,32,8192,152910
client,32,8192,171933
server,32,8192,151071
client,32,8192,170167
server,32,8192,152980
client,32,8192,171891
server,32,8192,153992
client,32,8192,173417
server,32,8192,153248
client,32,8192,159597
server,32,8192,153401
client,32,8192,159750
server,32,8192,153339
client,32,8192,159758
server,32,8192,153657
client,32,8192,160159
server,32,8192,155995
client,32,8192,162457
server,32,8192,158709
client,32,8192,166431
server,32,8192,152754
client,32,8192,159081
server,32,8192,152608
client,32,8192,159054
server,32,8192,153131
client,32,8192,159572
server,32,8192,151198
client,32,8192,157495
server,32,8192,152882
client,32,8192,159170
server,32,8192,156212
client,32,8192,162500
server,32,8192,151982
client,32,8192,158334
server,32,8192,153379
client,32,8192,159802
server,32,8192,152572
client,32,8192,158992
server,32,8192,153128
client,32,8192,159395
server,32,8192,152893
client,32,8192,159210
server,32,8192,160112
client,32,8192,166487
server,32,8192,151708
client,32,8192,158193
server,32,8192,151440
client,32,8192,157603
server,32,8192,154292
client,32,8192,160305
server,32,8192,153778
client,32,8192,159851
server,32,8192,153531
client,32,8192,159534
server,32,8192,151863
client,32,8192,157817
server,32,8192,154206
client,32,8192,160094
server,32,8192,153431
client,32,8192,159473
server,32,8192,153388
client,32,8192,159317
server,32,8192,154109
client,32,8192,160555
server,32,8192,151670
client,32,8192,158166
server,32,8192,160070
client,32,8192,166482
server,32,8192,155363
client,32,8192,161704
server,32,8192,154128
client,32,8192,160504
server,32,8192,152765
client,32,8192,158991
server,32,8192,151588
client,32,8192,157933
client,32,8192,160101
server,32,8192,153803
server,32,8192,152140
client,32,8192,152300
client,32,8192,159339
server,32,8192,152945
server,32,8192,153303
client,32,8192,153471
server,32,8192,153258
client,32,8192,159772
server,32,8192,153105
client,32,8192,159505
server,32,8192,153502
client,32,8192,159400
server,32,8192,153841
client,32,8192,159773
server,32,8192,160289
client,32,8192,166338
server,32,8192,154244
client,32,8192,160175
server,32,8192,154135
client,32,8192,160179
server,32,8192,154063
client,32,8192,160040
server,32,8192,152859
client,32,8192,158697
server,32,8192,152184
client,32,8192,157695
server,32,8192,153200
client,32,8192,159134
server,32,8192,151621
client,32,8192,157524
server,32,8192,152931
client,32,8192,159346
server,32,8192,153289
client,32,8192,159773
server,32,8192,152576
client,32,8192,158971
server,32,8192,153179
client,32,8192,159598
server,32,8192,159816
client,32,8192,166255
server,32,8192,155103
client,32,8192,161800
server,32,8192,153030
client,32,8192,159712
server,32,8192,153527
client,32,8192,159949
server,32,8192,153417
client,32,8192,159800
server,32,8192,153519
client,32,8192,160023
server,32,8192,153822
client,32,8192,160292
server,32,8192,152081
client,32,8192,158557
server,32,8192,153046
client,32,8192,159444
server,32,8192,151908
client,32,8192,158404
server,32,8192,153151
client,32,8192,159563
server,32,8192,151654
client,32,8192,158048
server,32,8192,152575
client,32,8192,158965
server,32,8192,162867
client,32,8192,169412
server,32,8192,156518
client,32,8192,164262
server,32,8192,153314
client,32,8192,159797
server,32,8192,154238
client,32,8192,160786
server,32,8192,153437
client,32,8192,159857
server,32,8192,153766
client,32,8192,160362
server,32,8192,153996
client,32,8192,160205
server,32,8192,153558
client,32,8192,159475
client,32,8192,161079
server,32,8192,155279
server,32,8192,153457
client,32,8192,153598
server,32,8192,153216
client,32,8192,159168
server,32,8192,153262
client,32,8192,160062
server,32,8192,160472
client,32,8192,167227
server,32,8192,157303
client,32,8192,164549
server,32,8192,153529
client,32,8192,160366
server,32,8192,151876
client,32,8192,158632
server,32,8192,152494
client,32,8192,159149
server,32,8192,153085
client,32,8192,159974
server,32,8192,154146
client,32,8192,160980
server,32,8192,153178
client,32,8192,159649
server,32,8192,156441
client,32,8192,162875
server,32,8192,153064
client,32,8192,159683
server,32,8192,153811
client,32,8192,160286
server,32,8192,153374
client,32,8192,159870
client,32,8192,163101
server,32,8192,156316
server,32,8192,155597
client,32,8192,155791
server,32,8192,154523
client,32,8192,160986
server,32,8192,153601
client,32,8192,160382
server,32,8192,153988
client,32,8192,170218
server,32,8192,153701
client,32,8192,160108
server,32,8192,153705
client,32,8192,160003
server,32,8192,152696
client,32,8192,159085
server,32,8192,152988
client,32,8192,158343
server,32,8192,153565
client,32,8192,159027
server,32,8192,153804
client,32,8192,159005
server,32,8192,151414
client,32,8192,156605
server,32,8192,153896
client,32,8192,159119
server,32,8192,162393
client,32,8192,167657
server,32,8192,153085
client,32,8192,158452
server,32,8192,154025
client,32,8192,159512
server,32,8192,153416
client,32,8192,158707
server,32,8192,153288
client,32,8192,160216
server,32,8192,152864
client,32,8192,158146
client,32,8192,158911
server,32,8192,153675
server,32,8192,152373
client,32,8192,152533
server,32,8192,153288
client,32,8192,158580
server,32,8192,154247
client,32,8192,159667
server,32,8192,153206
client,32,8192,158382
server,32,8192,152767
client,32,8192,158213
server,32,8192,162613
client,32,8192,168088
server,32,8192,155474
client,32,8192,160829
server,32,8192,153797
client,32,8192,159635
server,32,8192,151995
client,32,8192,157923
server,32,8192,153051
client,32,8192,159002
server,32,8192,152030
client,32,8192,157857
server,32,8192,153298
client,32,8192,159275
server,32,8192,154014
client,32,8192,159946
server,32,8192,152691
client,32,8192,158603
server,32,8192,152775
client,32,8192,158670
server,32,8192,153713
client,32,8192,159685
server,32,8192,153558
client,32,8192,159401
server,32,8192,152492
client,32,8192,158420
server,32,8192,171337
client,32,8192,177122
server,32,8192,153778
client,32,8192,159718
server,32,8192,152689
client,32,8192,158588
server,32,8192,153534
client,32,8192,159404
server,32,8192,154064
client,32,8192,160067
server,32,8192,153094
client,32,8192,159036
server,32,8192,153476
client,32,8192,159321
server,32,8192,154439
client,32,8192,160249
server,32,8192,153528
client,32,8192,159297
server,32,8192,153666
client,32,8192,159500
server,32,8192,153486
client,32,8192,159286
server,32,8192,153146
client,32,8192,159107
server,32,8192,157001
client,32,8192,162837
server,32,8192,162799
client,32,8192,168762
server,32,8192,153599
client,32,8192,159861
server,32,8192,152763
client,32,8192,158433
server,32,8192,153379
client,32,8192,159370
server,32,8192,153988
client,32,8192,159804
server,32,8192,152744
client,32,8192,158685
server,32,8192,152041
client,32,8192,157716
server,32,8192,154130
client,32,8192,159916
server,32,8192,153495
client,32,8192,159331
server,32,8192,151546
client,32,8192,157441
server,32,8192,169110
client,32,8192,175092
server,32,8192,155939
client,32,8192,161860
server,32,8192,161541
client,32,8192,169956
server,32,8192,155468
client,32,8192,162405
client,32,8192,159888
server,32,8192,153954
server,32,8192,152811
client,32,8192,153023
client,32,8192,156895
server,32,8192,151078
server,32,8192,153507
client,32,8192,153684
server,32,8192,153382
client,32,8192,159502
server,32,8192,155064
client,32,8192,161093
server,32,8192,154118
client,32,8192,160268
server,32,8192,151423
client,32,8192,157367
server,32,8192,151278
client,32,8192,157486
server,32,8192,152337
client,32,8192,158273
server,32,8192,158835
client,32,8192,177917
server,32,8192,154472
client,32,8192,179313
server,32,8192,153412
client,32,8192,177657
server,32,8192,151465
client,32,8192,173749
server,32,8192,152534
client,32,8192,158921
server,32,8192,152610
client,32,8192,158674
server,32,8192,153754
client,32,8192,159707
server,32,8192,153571
client,32,8192,160266
client,32,8192,157954
server,32,8192,151276
server,32,8192,154692
client,32,8192,154835
server,32,8192,153269
client,32,8192,159212
server,32,8192,152857
client,32,8192,158806
server,32,8192,158855
client,32,8192,164704
server,32,8192,154977
client,32,8192,162450
server,32,8192,154063
client,32,8192,160213
server,32,8192,153437
client,32,8192,159400
server,32,8192,152518
client,32,8192,158483
server,32,8192,152797
client,32,8192,158911
server,32,8192,152708
client,32,8192,158656
server,32,8192,152984
client,32,8192,158893
server,32,8192,153027
client,32,8192,158965
server,32,8192,152664
client,32,8192,158638
server,32,8192,154084
client,32,8192,159840
server,32,8192,152679
client,32,8192,158543
server,32,8192,155919
client,32,8192,161775
server,32,8192,160206
client,32,8192,176419
server,32,8192,152059
client,32,8192,158665
server,32,8192,152911
client,32,8192,159372
server,32,8192,153122
client,32,8192,158957
server,32,8192,152103
client,32,8192,158197
server,32,8192,153278
client,32,8192,159107
server,32,8192,153627
client,32,8192,159496
server,32,8192,153738
client,32,8192,159594
server,32,8192,153361
client,32,8192,160205
server,32,8192,152752
client,32,8192,159400
server,32,8192,152649
client,32,8192,159372
server,32,8192,151900
client,32,8192,158581
server,32,8192,160393
client,32,8192,167039
server,32,8192,153530
client,32,8192,160387
server,32,8192,152897
client,32,8192,159816
server,32,8192,153272
client,32,8192,159983
server,32,8192,153153
client,32,8192,159825
server,32,8192,152153
client,32,8192,158927
server,32,8192,152926
client,32,8192,159619
server,32,8192,151990
client,32,8192,158799
server,32,8192,153674
client,32,8192,160298
server,32,8192,151364
client,32,8192,158477
server,32,8192,153480
client,32,8192,160454
server,32,8192,153139
client,32,8192,160006
server,32,8192,156766
client,32,8192,163757
server,32,8192,155708
client,32,8192,162543
server,32,8192,153627
client,32,8192,160457
server,32,8192,153903
client,32,8192,160822
server,32,8192,153134
client,32,8192,159977
server,32,8192,153258
client,32,8192,159726
server,32,8192,153245
client,32,8192,159920
server,32,8192,153115
client,32,8192,159466
server,32,8192,153821
client,32,8192,160226
server,32,8192,151557
client,32,8192,157961
server,32,8192,153052
client,32,8192,159613
server,32,8192,151465
client,32,8192,158108
client,32,8192,159537
server,32,8192,152953
server,32,8192,162243
client,32,8192,162424
server,32,8192,153218
client,32,8192,159733
server,32,8192,153388
client,32,8192,160267
server,32,8192,153534
client,32,8192,160134
server,32,8192,152966
client,32,8192,159457
server,32,8192,154050
client,32,8192,160461
server,32,8192,153949
client,32,8192,160317
server,32,8192,153117
client,32,8192,159506
server,32,8192,152451
client,32,8192,159089
server,32,8192,153584
client,32,8192,160212
server,32,8192,153385
client,32,8192,159903
server,32,8192,152982
client,32,8192,159864
server,32,8192,158843
client,32,8192,165957
server,32,8192,157570
client,32,8192,164205
server,32,8192,153725
client,32,8192,161092
server,32,8192,151858
client,32,8192,158852
server,32,8192,154090
client,32,8192,160839
server,32,8192,153311
client,32,8192,160140
server,32,8192,153574
client,32,8192,160579
server,32,8192,153615
client,32,8192,160501
server,32,8192,154034
client,32,8192,160915
server,32,8192,153700
client,32,8192,160737
server,32,8192,153540
client,32,8192,163265
server,32,8192,153676
client,32,8192,160390
client,32,8192,164612
server,32,8192,157838
server,32,8192,155331
client,32,8192,155502
server,32,8192,154129
client,32,8192,161358
server,32,8192,153221
client,32,8192,159460
server,32,8192,153436
client,32,8192,159665
server,32,8192,153238
client,32,8192,160928
server,32,8192,152711
client,32,8192,160148
server,32,8192,152853
client,32,8192,160476
server,32,8192,151581
client,32,8192,157480
server,32,8192,153264
client,32,8192,159260
server,32,8192,151487
client,32,8192,157537
server,32,8192,153178
client,32,8192,159070
server,32,8192,154233
client,32,8192,160061
server,32,8192,161219
client,32,8192,167367
server,32,8192,154036
client,32,8192,160322
server,32,8192,153376
client,32,8192,159258
server,32,8192,152252
client,32,8192,158165
server,32,8192,151986
client,32,8192,157856
server,32,8192,154140
client,32,8192,159925
server,32,8192,155776
client,32,8192,161732
server,32,8192,154185
client,32,8192,160225
server,32,8192,152575
client,32,8192,158887
server,32,8192,154579
client,32,8192,160644
server,32,8192,151830
client,32,8192,157720
server,32,8192,153456
client,32,8192,159334
server,32,8192,157295
client,32,8192,163221
server,32,8192,156397
client,32,8192,162238
server,32,8192,153292
client,32,8192,159321
server,32,8192,153855
client,32,8192,159785
server,32,8192,152672
client,32,8192,158522
server,32,8192,152791
client,32,8192,158997
server,32,8192,153583
client,32,8192,160524
server,32,8192,156559
client,32,8192,163564
server,32,8192,152126
client,32,8192,159083
server,32,8192,153265
client,32,8192,159148
server,32,8192,152429
client,32,8192,158287
server,32,8192,153029
client,32,8192,159749
server,32,8192,153215
client,32,8192,160113
server,32,8192,166657
client,32,8192,173520
server,32,8192,156052
client,32,8192,163046
server,32,8192,153235
client,32,8192,160211
server,32,8192,154692
client,32,8192,161576
server,32,8192,152849
client,32,8192,159958
server,32,8192,154902
client,32,8192,161892
server,32,8192,153194
client,32,8192,160051
server,32,8192,152030
client,32,8192,158856
server,32,8192,152347
client,32,8192,159592
server,32,8192,153745
client,32,8192,160814
server,32,8192,159948
client,32,8192,166991
server,32,8192,153966
client,32,8192,161039
server,32,8192,158682
client,32,8192,165953
server,32,8192,155855
client,32,8192,163127
server,32,8192,152709
client,32,8192,160034
server,32,8192,153301
client,32,8192,160717
server,32,8192,153956
client,32,8192,161048
server,32,8192,153077
client,32,8192,160087
server,32,8192,153325
client,32,8192,160391
server,32,8192,153265
client,32,8192,160124
server,32,8192,154230
client,32,8192,161290
server,32,8192,153348
client,32,8192,160440
server,32,8192,153740
client,32,8192,160777
server,32,8192,153668
client,32,8192,160705
server,32,8192,159333
client,32,8192,169282
server,32,8192,156310
client,32,8192,166449
server,32,8192,153534
client,32,8192,160673
server,32,8192,152507
client,32,8192,159501
server,32,8192,153300
client,32,8192,160599
server,32,8192,153708
client,32,8192,160845
server,32,8192,152527
client,32,8192,159713
server,32,8192,153145
client,32,8192,159218
server,32,8192,153538
client,32,8192,159559
server,32,8192,154118
client,32,8192,160135
server,32,8192,154456
client,32,8192,160533
server,32,8192,151675
client,32,8192,157653
server,32,8192,153620
client,32,8192,159614
server,32,8192,159840
client,32,8192,165814
server,32,8192,153065
client,32,8192,159103
server,32,8192,153190
client,32,8192,160080
server,32,8192,153228
client,32,8192,159934
server,32,8192,153067
client,32,8192,159532
server,32,8192,152755
client,32,8192,159891
server,32,8192,153434
client,32,8192,160736
server,32,8192,155942
client,32,8192,162428
server,32,8192,152838
client,32,8192,158701
server,32,8192,152518
client,32,8192,158705
server,32,8192,153159
client,32,8192,159033
server,32,8192,152727
client,32,8192,158519
server,32,8192,159283
client,32,8192,165115
server,32,8192,156267
client,32,8192,162413
server,32,8192,153090
client,32,8192,159057
server,32,8192,153002
client,32,8192,158556
server,32,8192,151903
client,32,8192,157941
server,32,8192,151339
client,32,8192,158489
server,32,8192,153277
client,32,8192,160426
server,32,8192,152441
client,32,8192,159679
server,32,8192,151709
client,32,8192,159141
server,32,8192,153037
client,32,8192,161046
server,32,8192,154409
client,32,8192,162409
server,32,8192,153884
client,32,8192,161855
client,32,8192,163567
server,32,8192,155438
server,32,8192,158391
client,32,8192,159202
server,32,8192,153325
client,32,8192,159402
server,32,8192,152864
client,32,8192,158925
server,32,8192,151804
client,32,8192,157879
server,32,8192,153246
client,32,8192,159364
server,32,8192,152561
client,32,8192,158465
server,32,8192,152016
client,32,8192,157769
server,32,8192,154088
client,32,8192,160042
server,32,8192,151559
client,32,8192,157626
server,32,8192,152987
client,32,8192,158889
server,32,8192,154049
client,32,8192,159848
server,32,8192,153885
client,32,8192,159898
server,32,8192,160220
client,32,8192,166122
server,32,8192,168253
client,32,8192,174315
server,32,8192,153446
client,32,8192,159972
server,32,8192,153031
client,32,8192,159404
server,32,8192,152524
client,32,8192,158641
server,32,8192,155313
client,32,8192,161392
server,32,8192,153449
client,32,8192,159806
server,32,8192,153161
client,32,8192,159385
server,32,8192,154122
client,32,8192,160554
server,32,8192,152811
client,32,8192,159093
server,32,8192,152552
client,32,8192,158647
server,32,8192,153396
client,32,8192,159407
server,32,8192,162170
client,32,8192,168096
server,32,8192,175734
client,32,8192,198084
server,32,8192,151933
client,32,8192,173725
server,32,8192,152619
client,32,8192,174290
server,32,8192,151141
client,32,8192,172629
server,32,8192,151797
client,32,8192,173545
server,32,8192,152635
client,32,8192,174413
server,32,8192,152830
client,32,8192,174228
server,32,8192,152185
client,32,8192,173605
server,32,8192,154325
client,32,8192,176076
server,32,8192,151777
client,32,8192,158139
server,32,8192,153184
client,32,8192,159696
server,32,8192,170935
client,32,8192,179579
server,32,8192,153666
client,32,8192,160255
server,32,8192,152232
client,32,8192,158876
server,32,8192,153688
client,32,8192,160128
server,32,8192,152934
client,32,8192,159870
server,32,8192,153923
client,32,8192,160316
server,32,8192,152619
client,32,8192,159043
server,32,8192,153457
client,32,8192,160128
server,32,8192,152961
client,32,8192,159407
server,32,8192,153693
client,32,8192,160445
server,32,8192,153281
client,32,8192,159045
server,32,8192,153252
client,32,8192,160164
server,32,8192,160093
client,32,8192,166888
server,32,8192,157708
client,32,8192,164587
server,32,8192,152715
client,32,8192,160350
server,32,8192,153202
client,32,8192,159763
server,32,8192,154132
client,32,8192,159641
server,32,8192,151468
client,32,8192,157182
server,32,8192,153550
client,32,8192,159234
server,32,8192,154225
client,32,8192,159731
server,32,8192,153181
client,32,8192,158806
server,32,8192,153048
client,32,8192,158624
server,32,8192,153061
client,32,8192,158564
client,32,8192,158860
server,32,8192,153082
server,32,8192,155343
client,32,8192,155521
server,32,8192,160232
client,32,8192,165947
server,32,8192,153861
client,32,8192,159463
server,32,8192,151809
client,32,8192,157188
server,32,8192,153844
client,32,8192,159241
server,32,8192,157221
client,32,8192,162722
server,32,8192,152753
client,32,8192,158058
server,32,8192,151287
client,32,8192,156514
server,32,8192,153917
client,32,8192,159554
server,32,8192,153405
client,32,8192,158803
server,32,8192,159114
client,32,8192,164384
server,32,8192,152642
client,32,8192,158983
server,32,8192,154369
client,32,8192,160665
server,32,8192,159247
client,32,8192,165616
server,32,8192,154527
client,32,8192,160329
server,32,8192,153124
client,32,8192,159232
server,32,8192,152803
client,32,8192,158624
server,32,8192,151984
client,32,8192,157833
server,32,8192,156497
client,32,8192,162243
server,32,8192,152675
client,32,8192,158514
server,32,8192,153414
client,32,8192,159524
server,32,8192,159095
client,32,8192,164833
server,32,8192,153583
client,32,8192,159826
server,32,8192,152977
client,32,8192,160006
server,32,8192,154196
client,32,8192,159652
server,32,8192,166714
client,32,8192,172900
server,32,8192,167619
client,32,8192,173578
server,32,8192,153788
client,32,8192,160127
server,32,8192,153234
client,32,8192,159142
server,32,8192,153795
client,32,8192,159783
server,32,8192,154031
client,32,8192,159899
server,32,8192,152401
client,32,8192,158251
server,32,8192,152257
client,32,8192,158016
server,32,8192,151379
client,32,8192,156950
server,32,8192,151691
client,32,8192,157309
server,32,8192,152680
client,32,8192,158450
server,32,8192,153216
client,32,8192,159016
client,32,8192,157976
server,32,8192,152566
server,32,8192,161890
client,32,8192,162084
server,32,8192,161591
client,32,8192,167165
server,32,8192,153112
client,32,8192,158751
server,32,8192,153450
client,32,8192,158992
server,32,8192,151299
client,32,8192,156776
server,32,8192,151384
client,32,8192,156901
server,32,8192,153216
client,32,8192,159164
server,32,8192,154423
client,32,8192,160365
server,32,8192,152935
client,32,8192,158926
server,32,8192,151688
client,32,8192,157655
server,32,8192,152787
client,32,8192,158607
server,32,8192,153353
client,32,8192,159193
server,32,8192,175791
client,32,8192,181691
server,32,8192,174799
client,32,8192,180867
server,32,8192,157223
client,32,8192,197610
server,32,8192,155681
client,32,8192,195913
server,32,8192,151614
client,32,8192,191980
server,32,8192,153394
client,32,8192,160030
server,32,8192,151985
client,32,8192,158769
server,32,8192,154117
client,32,8192,160052
server,32,8192,152348
client,32,8192,158134
server,32,8192,152743
client,32,8192,158700
server,32,8192,153782
client,32,8192,159563
server,32,8192,152878
client,32,8192,158760
server,32,8192,164381
client,32,8192,170289
server,32,8192,164479
client,32,8192,170487
server,32,8192,151434
client,32,8192,157493
server,32,8192,155235
client,32,8192,161085
server,32,8192,152609
client,32,8192,158449
server,32,8192,153547
client,32,8192,159375
server,32,8192,153061
client,32,8192,158920
server,32,8192,153518
client,32,8192,159373
server,32,8192,171305
client,32,8192,180569
server,32,8192,153053
client,32,8192,160349
server,32,8192,152999
client,32,8192,160214
server,32,8192,153699
client,32,8192,160622
server,32,8192,165375
client,32,8192,172638
server,32,8192,154076
client,32,8192,161353
server,32,8192,153696
client,32,8192,161306
server,32,8192,153639
client,32,8192,160951
server,32,8192,152880
client,32,8192,159983
server,32,8192,153319
client,32,8192,160560
server,32,8192,151589
client,32,8192,158527
server,32,8192,160308
client,32,8192,166137
server,32,8192,152621
client,32,8192,158736
server,32,8192,153329
client,32,8192,159206
server,32,8192,153338
client,32,8192,159166
server,32,8192,153769
client,32,8192,159551
server,32,8192,157262
client,32,8192,163195
server,32,8192,164547
client,32,8192,170525
server,32,8192,154056
client,32,8192,159933
server,32,8192,153620
client,32,8192,159578
client,32,8192,158630
server,32,8192,152677
server,32,8192,152472
client,32,8192,152694
server,32,8192,152723
client,32,8192,159032
server,32,8192,153744
client,32,8192,159587
server,32,8192,153853
client,32,8192,159900
server,32,8192,152660
client,32,8192,158583
server,32,8192,153643
client,32,8192,159583
server,32,8192,152826
client,32,8192,158765
server,32,8192,153142
client,32,8192,159639
server,32,8192,163614
client,32,8192,170130
server,32,8192,158211
client,32,8192,164852
server,32,8192,153831
client,32,8192,160444
server,32,8192,157192
client,32,8192,164232
client,32,8192,160523
server,32,8192,152412
server,32,8192,153528
client,32,8192,153759
server,32,8192,153938
client,32,8192,160464
server,32,8192,152709
client,32,8192,159278
server,32,8192,151548
client,32,8192,168674
server,32,8192,153442
client,32,8192,161070
server,32,8192,154866
client,32,8192,160858
server,32,8192,153546
client,32,8192,159619
server,32,8192,158892
client,32,8192,165492
server,32,8192,157019
client,32,8192,164070
server,32,8192,155145
client,32,8192,161563
server,32,8192,152273
client,32,8192,158350
server,32,8192,153832
client,32,8192,160808
server,32,8192,153650
client,32,8192,160687
server,32,8192,153275
client,32,8192,160162
server,32,8192,152994
client,32,8192,159993
server,32,8192,153637
client,32,8192,161597
server,32,8192,152140
client,32,8192,177812
server,32,8192,152916
client,32,8192,176386
server,32,8192,152433
client,32,8192,175264
server,32,8192,160119
client,32,8192,183647
server,32,8192,155854
client,32,8192,180328
server,32,8192,153947
client,32,8192,178208
server,32,8192,152942
client,32,8192,176878
server,32,8192,151874
client,32,8192,172165
server,32,8192,153719
client,32,8192,173859
server,32,8192,152629
client,32,8192,160942
server,32,8192,153303
client,32,8192,161908
server,32,8192,153587
client,32,8192,161950